,PC1,PC2,PC3,PC4,PC5,PC6,PC7,PC8,PC9,PC10,PC11,PC12,PC13,PC14
7x15,-7.4411308150034525,-0.5624118110099254,-1.5955522609709047,1.7826485098490208,3.5515182359367388,3.1285570729676198,1.9830177249811316,0.1447774779416462,0.9704652585726642,2.3662980774170395,1.5592120047940703,0.7885942364744764,0.6728221090069978,1.0828155815240783
7x16,-33.53643838466502,-4.552062242725202,-1.0887500725433983,2.0325849344823057,1.9458899836099663,2.385892971922195,1.2938311170990604,-0.5865542504058016,0.5882765776582916,1.0861469782363409,1.2199512531420271,-0.26386732087261294,-0.1836384634293798,1.3418244281769995
7x17,-33.41935289204443,-4.186926440455685,-0.13723289782939382,0.9915245843773871,1.3647099916184133,1.8754273592616921,0.1662116041251547,-0.26439251512746426,-0.7376034365868477,1.590830515558641,1.0798795041615266,-0.7194707555663457,-0.7895046631998996,1.5000746803656535
7x18,-29.867554357942318,-5.068165515288266,0.02634399369539566,0.7149921342109729,2.105397009204798,2.2138216729092206,-0.09491776797805805,0.22334594066468558,0.6892404720285767,0.34247623782057435,1.3744343765790523,-0.57546823925101,-0.26786298622724464,1.0786151976573697
8x13,-35.780982293414574,-3.3971229755380925,0.1898746121163127,1.5692854243846923,2.286510833071829,2.7260474277377993,0.34649361368490883,0.18745148195855033,0.30525033679343416,1.9366655332012996,0.3343363600988316,0.12711202373075306,0.2941003739186917,2.133127005282947
8x14,27.39325055046182,21.151504019612442,-10.432377746523603,-3.6432018136756352,2.289395091187786,3.7284400684084353,7.893399424489286,-7.216293885868674,-1.8345732971758577,-0.36916348159864965,-6.107393909331521,4.759109947432864,-2.8434330364076024,2.9498154614124705
8x15,49.814652429517665,7.021688981967457,-10.736058813647466,2.5023796035598727,1.1222251787028366,-1.3548735761784265,23.669861071819096,2.959938455228611,12.908835673610245,-21.04614029739208,-21.347250140601155,0.06755163845253136,0.21524890238675176,-11.959085320578605
8x16,-33.9052321412381,-4.685379798292435,-1.0234194877514995,1.3547953050829304,2.2850519106758833,2.1736456231840777,1.3773701175531994,-1.0039894801200087,0.6346545944461297,2.0385716193514978,0.5445353290283259,-1.5136921765910774,-0.4549191992063438,1.8495289949708882
8x17,32.82851541928576,63.933506820191724,4.564833302462279,-5.958401278455127,-5.62217091347941,-15.583412582667364,-18.26843116043173,17.379649542564138,5.640521124552391,-3.2247412693405337,-3.5819340978927383,9.862710899709587,9.958388643961616,10.422129564961839
8x18,-32.24834962222831,-2.798747569991639,-0.2619418045057083,1.885388950155068,1.2939315268633487,2.4519878025443225,1.2874492995410673,-0.417211804925404,-0.3804824937109284,1.8651954919870963,1.0153666131729395,0.4512185997275529,-1.3117979113817069,1.0834816999071673
8x19,-34.121670661303675,-6.218788748581388,0.42722952978101575,1.5615678927992425,1.76501814161694,2.78301112558812,-0.3586608132773392,-0.3165490146471442,0.2120071221601011,1.1106314143775577,0.08265272781634907,-1.2482475347478565,-0.8010618690820838,2.1598207986075257
9x13,-10.179117817355118,10.009008665988937,-2.954498360051463,0.57915255399212,0.03466711668485022,0.4757996314077559,0.24515835087543825,0.10818942671069244,0.30133265371362256,-0.45415807141463577,-1.6733604609282748,0.8458912453477694,-0.7283991711250501,1.5231413964216993
9x14,87.41214004225114,79.18999652496342,-35.61513242928652,-21.645060315035458,-32.00045175104831,-56.27275891588057,128.7320270501063,-58.31313171232925,-42.26897689964194,38.02668436168698,6.260349791233952,-72.11406717773168,-25.744396584472398,23.236093382329138
9x15,101.34975188023822,68.47349193816036,-15.310453541659893,-1.613713986143491,203.19795477798013,-20.92865262317322,-13.881617443984798,-4.785959767127266,-16.04049916770729,-8.508634136318399,6.752853090774221,-19.511487886439685,-3.1041243072947107,-1.6012907581316647
9x16,20.623277934324115,7.900723238727424,-9.86663775045411,2.491303515724951,3.5321320048666762,7.042719802323981,6.771913576107207,-6.8191592048093534,4.417340663706962,2.777476930957241,-1.0259904705431122,4.397201413870458,2.3754850931887432,1.9587656900820996
9x17,-19.821510796046276,12.624865157538542,-1.6349035964497307,0.1478551592912396,0.9429021848398763,-3.048958270908725,-1.9464831615985414,2.1342645620594114,0.22697563655565015,2.4134319034169813,-0.06202379993928124,-1.2573214881420642,-0.13463159975456893,1.475198844959026
9x18,-22.030338167966722,-0.932867384683249,0.02565346656659162,-0.2541854006615316,-0.13887893285938216,1.0996512116162867,1.4402835771057871,0.1512121731925711,-1.774907289195902,1.5239243757547505,3.787874959763067,1.1209231470416878,0.2678422047524769,1.7772136317474863
10x13,-21.868427328409123,1.7098470948763607,-1.6757830890748766,1.5963421171194563,1.6520882267434323,1.056876508830229,-0.46458307706097135,-2.266043191929112,0.1956361736717418,2.4247839837063285,0.3518383857354626,0.36589684971371184,-1.5806339428863798,0.6144025308338339
10x15,13.014455237507352,0.8169591504257367,-3.215032563029417,2.0167995030184978,0.5214531594170734,2.69692645875208,5.516264632911901,-2.778427788588403,2.046922854805505,-0.9274106269306365,0.7852176109728363,0.779760612294479,1.6041963533290295,2.3279406336388906
10x16,-10.487677356440802,11.575102883231326,-2.2522941448617564,0.9805300657494233,-2.329644928922814,-2.154992841695182,2.192846505713051,-2.404451952253275,-0.1247863613782578,2.176181342727735,0.0019264647397392455,3.592058849761569,-0.5724181663376418,-2.206341338742165
10x17,-22.031295960639365,2.4824549563323264,-2.0503727604935937,0.5313548597862491,-0.08180448958332955,1.9223871622738187,0.6112765528021845,-0.16770804948670825,0.308859816213956,2.293538085632824,0.0901717885743517,1.0417163291797793,-1.6652217546709374,1.1040324841242295
10x18,-31.872927433031897,-2.585287265123592,-0.9745566915966175,2.1641768193658284,2.0841492624369087,1.1892884888315294,1.6299427659652488,-1.4496096528589726,-0.22596818454557735,0.6998694583298014,0.7437061134340718,-0.020334859341777044,-1.2320908112470421,1.2565828213288222
11x12,-35.37048393390583,-1.5557634176297472,-0.14545619590926437,2.173026969048824,1.1718513648134545,2.722771412914244,-0.1338428492426826,-1.1157648407862053,0.10062987374544086,1.3433017229752702,-0.11981527368155859,-0.1149287966664542,0.3283024993898193,1.4986506582800723
11x13,65.26813303164953,66.07112829944059,12.707151396370136,-10.725562551291004,-11.95525906835356,-41.4868041457478,-19.405066228598876,-4.79167982081519,-7.226853410701674,-16.41609465616165,-53.4682720343151,87.22915873538135,-31.0465114786459,120.79253202183847
11x14,70.46971952111794,-9.92771650630383,0.8638445073702528,-3.749823196769439,-4.094769540734055,-0.9418137328076386,3.4854579536573373,0.2761283647795385,8.035377566057962,6.617284967174563,-4.584953746275826,19.215670294366163,15.608647748938143,6.5409740645916745
11x15,76.93905237295525,-15.198042702339578,7.6378059708286585,-11.832710074323042,-2.8577570332313558,-10.797175070223096,3.9354301918321495,18.741598630946125,3.3257563145120717,-19.03023448969981,-8.907549990040444,-27.63489412535778,2.1636262666396124,-3.434424301723837
11x16,5.659363314315326,-0.044054665968042195,-1.636955669400399,0.31528067017355105,-0.2906221732496019,0.892506475281244,1.7093974920742645,-2.4149788104700054,1.2316927119150074,0.9505265485485449,1.7807146994000262,2.307210040595454,3.8689853759992654,0.004990077839318706
11x17,-12.639043827090328,2.674114326691093,-1.3935641574307287,0.9227286856011618,-1.5057377057068233,-0.6676253168288163,2.9734376516870147,0.1679936405679799,-2.0521697698679198,2.715873807190925,2.2555290550427127,-0.9497348369538285,0.8793659387090016,-1.580432027319009
12x12,-12.111349289353727,-2.9897257063833487,-0.663416528289199,0.21544854131414182,0.6917006172029444,2.219901029845972,2.314866471675894,-0.9781534368100833,-0.6082736938217342,0.7304060156318644,-0.08650362493900615,2.3547175798716933,-1.654221249279458,1.2719559445399664
12x13,17.983737618605,-4.6320361918258675,-0.8129404783264804,-2.2398904732070655,-0.6990151404280687,-0.9159254588614855,0.4693442495148675,-0.3695298413942882,1.679961111852406,-1.7122619001145118,0.5234855765489232,-0.301896320995065,-1.568519974072732,0.35014404203613275
12x14,45.694118381162646,-9.134208970558893,-0.02289158539634264,-3.1311143299385273,-4.850496349932169,-3.67419054049723,2.1642685917471827,4.798934868716133,2.1610603134554873,-9.722444044411114,-7.970015841690624,-2.0864546332060367,3.821919101555244,-4.045273672910603
12x15,53.502352870142374,3.0049030967515886,-3.776815611731296,-0.5066383361196733,1.6133068849631493,-2.8328222646438435,0.7828416492296045,2.220554526389785,11.059352964437766,1.8582646606033186,-2.963388250197644,7.266939860292651,-4.7428999157461,-12.535672825639002
12x16,95.05274880133074,108.77920953320756,-77.82762358764532,-63.83180663580548,-21.146344763592595,161.15422809047274,-19.141755041883638,22.0369132823,-32.17513065432413,-17.39730354506037,-7.560283033339304,-17.31907374133154,1.5487758189196223,11.252754147872203
12x17,-12.840466625459962,10.022622327668662,-1.447533288773805,0.5248452879636337,-3.075901896001793,-0.2841079766719977,4.8934771222763045,-0.19922676059932162,-2.725860591538914,1.6144697340240528,-0.834736827750279,2.8941338813039503,1.3697040780232461,2.220922002121214
13x11,-28.47516998091786,-5.612155992206852,-0.49859341238484184,1.4751444037809087,1.1074237395150035,2.4522377061829115,0.07421255890754772,-0.5189970148439792,0.006946094880839062,-0.7838498522217738,0.2707260738117957,-1.9393668254144487,0.9123247634508724,1.4325504290878182
13x12,11.601705697701156,-13.23902697412057,-0.6431223344854418,0.5904270670732054,1.6652079391899233,0.7764474365790366,0.39661128975162563,-2.858562468809701,-2.308105050781877,0.025635406940841682,-0.0657428325570922,1.5806018222081641,-2.5000756372206374,-0.7539396853923785
13x13,40.12382036422817,-16.381297897528633,2.5684696793580857,-1.5950267900341681,1.647186563012291,0.974267018956924,0.6307814641380409,-1.6470679591835764,-2.4032430288865645,-2.6542976309660165,-3.4752787798077196,0.8476573704385433,0.5869925806390492,4.420448575772762
13x14,25.631073915720666,3.9112809858185607,-1.3021992267419449,-1.3050743778859175,-1.6904938777035756,-0.21699405693815826,-3.4021238648672134,2.0313809728265824,3.064921657872704,-0.34746356804866024,-4.512549773150381,-4.866194203734403,2.083441630197501,-0.9844714075403934
13x15,26.113604491444075,-10.647573000473965,2.3097225772490533,-2.853343377397823,1.68651359997326,-0.2876133597807859,0.3388296752392287,1.1700659449464572,3.238649727302181,-3.4650546774953646,-3.17228465634492,-0.8972991275163676,-1.6838584704582173,2.4574512036804976
13x16,69.66057960839463,8.886664389208756,-24.835857103179585,3.9386117103467417,6.005707936191511,11.154412900015162,19.47557662486259,-17.194824244471437,19.888601130076765,-13.843379179720829,10.476893865809139,8.814946734869084,-30.45538999866361,-3.9370965939506477
13x17,-25.481485660582273,1.5792141989680972,-1.0083408972615826,-0.10233965524900768,1.4713958036406245,-0.07686617993248726,2.2273587643460684,-1.5526287036829967,-0.36919187437227974,1.626493399621579,0.04429035661655867,0.5138435839391682,0.6307300793248444,-0.22966736949191924
13x18,-34.72729224760401,-4.2526726325494835,-0.5696742818310058,1.3340389339787186,2.1746859675963077,2.077347481679223,0.4931816796814148,-0.9774308654987376,-0.19834644627895084,0.5944068615902403,0.3947651298035018,-0.2400487329731208,-1.1118167980268876,0.14794460613692192
14x7,16.926992941332824,-15.32358373749406,2.768639633863626,-2.844088950234354,1.1583730004713786,2.013578352908636,-2.640960578125545,-4.043536595525908,-3.7271317174491965,-1.3048730154219434,-3.4577143583030487,-1.9722660918216268,-3.037864227170621,-2.1866380724010384
14x8,36.5500668389451,-15.718574649882854,1.7895325031251645,-0.5484320836555756,0.32695369974072924,0.865943535532504,-1.1071564130235783,0.8784791215539547,0.5616533385347642,-6.0551818063155824,1.8303312430564205,-4.099880076350004,-2.1165585511859133,4.790060481502951
14x9,-13.185974890141598,2.688249782300045,-3.32227109615921,0.35605021395411157,-0.5027475549573617,0.5882230797699333,2.337341965413408,-1.19714812038606,-1.6401884960864797,3.945979349963428,0.9608267136563835,0.3217971750318234,-0.7018449093805975,1.9978237346091008
14x10,13.278505437303213,-13.055155948045352,1.7127412628124143,2.4762610947683252,3.7272901568975096,2.0812788076246225,-1.325644476240031,-1.948916753452353,-0.2783928637854507,2.283745717046311,-4.32689668409877,1.0952841765508208,-0.6683084911864328,0.3822037285211288
14x11,-4.506898749737933,-9.533877883398398,-0.01740019863332379,0.5825714098842687,1.3871905138969043,1.5845017888362296,-0.1323873220685515,0.06718145223414383,1.0231355460470677,0.5588636988227011,-0.3649083985863821,-0.22126095773886803,-0.04078142633154215,-0.8053965089222062
14x12,30.716866501226782,-15.276002462372151,2.8723280641049818,-1.5986442595481498,1.1020290272358697,0.9347216727682435,-0.6357716443502934,-0.6436452966872072,-0.2448461989339376,-1.8478220033596149,0.1267913936731111,-2.0389949189350833,-3.215077324413542,1.0354377808678554
14x13,-9.376263186615175,-6.3137291815608725,0.8396234572395495,-0.07959433322736134,1.58491460736658,-0.12139133965692156,-0.2727774668499051,-0.6329801451653295,-1.3916185645234045,-1.1644763216193168,-1.0191728772880118,-1.5315209229399684,-2.07838380289173,-0.07172245501211647
14x14,31.424806490422363,-2.517159538920778,-1.9098095733027385,-3.28888348628019,-3.8906688892893677,0.8815858365795819,-2.610678328735908,-3.073058068004473,-1.9014500189303143,-2.612732369197012,1.223874817833154,-2.732201658408467,-2.4915063987825374,-1.892589934964629
14x15,48.65422993456751,-14.406437178812652,-1.6603993558022245,-3.1630779704861665,1.4133247891614995,2.302787105152398,-2.2174064448688977,0.9957835820075018,0.996910085895547,-4.241972244779985,-1.954987696319311,1.5446993315166972,-2.658592132601256,5.2942339698558705
14x16,87.44173549299,33.3121079045069,-1.199443305833607,-20.05460570482581,-14.64187578615294,-3.976245978407449,-86.07238692365871,-53.930067544612484,107.26555160732875,99.85431835849776,-22.62807787890823,-55.826194428334524,-25.956006053347593,6.402087416133923
14x17,-22.746919999324327,6.910106009759149,-2.8987696639438734,-0.192530773497245,0.13688671992198578,-0.8719613489638045,1.6728016646729187,-1.5530789795077184,-1.5338141225045425,1.0533060644169345,1.2442932011276557,0.7436628506407437,-0.20708818536834672,0.49410286734288594
14x18,-27.35601741196084,-1.5810755915635901,-0.37391278958486857,2.4962905870923464,0.2875518156322766,0.9128926029321005,-0.588454492968395,-0.7986562287538006,-0.0028725205828002884,1.0022552866168815,1.7693113613913198,0.3082651407792343,0.9319428354343994,1.357345167439865
15x5,-26.876767039212183,-4.594928952618538,-1.1078876523106098,1.579363339146059,1.631468455873143,3.725483378369321,1.2356085039778875,-1.8500984697761902,-0.5752016207631676,0.6970278582792717,1.1785718178460654,-0.11085140147013924,-1.0005289435554772,0.7962815384633098
15x6,-11.333479883895539,-3.8726178953434234,-2.057822898804314,1.2273278310577602,0.42288192983598527,1.176566760023764,1.3995274076782056,-1.8863819303757479,-1.5182517028463711,1.3790774100048824,-0.24006189429149677,0.7825787375759251,1.3749465129731715,0.7319465990380791
15x7,42.97053185041722,-1.3146765014105883,-7.5244250483238035,-0.7844453271319287,2.0153576665039994,1.11012735817763,1.6640212526229372,-6.551435430583151,2.2251687412184378,-0.48373485309116315,1.1893235879117008,13.541839949822055,-1.1729211665060568,-3.34249157512339
15x8,5.728399283984069,-4.988298118014667,-6.744650619899889,2.5926387090004077,-0.5234666804306396,6.468931891766691,2.860038513155478,-3.049070191849134,1.1988235392425057,0.6865795765488029,1.7320018241923418,4.42359113378317,-1.5681266715612119,-1.1878535766472518
15x9,86.94071948420016,-8.129220346049715,-6.1201161694046835,-8.771229802673073,-3.295406671528838,-8.434165260786092,20.82872647188992,-16.561219634958178,-8.218017648896986,10.424207084799281,-45.40960612702759,52.872582188793096,25.326250551660696,-33.1483061580851
15x10,122.21221071935652,-41.1063908033079,12.439314786972698,-28.238188686954274,-5.800824088940655,-14.96590701035237,-50.98325798650953,3.2070708256846543,-102.16657273798829,92.85754010712316,76.19069387568709,15.484864538146255,53.75276991196282,35.46120794332269
15x11,-10.800221888341486,-9.55143869226693,-1.0117824026285827,1.189281378394028,2.023135938813737,2.0322887031947046,1.2022748724559544,-2.1647113478551154,-0.9312344077648128,1.1677275680620858,0.3804475113463211,0.9248968230536522,0.0854167332731722,1.497864529657278
15x12,-8.403836739673665,-7.721727249121895,-1.9536277073413912,2.8105661491800253,0.5391854513852207,1.3215828661653617,-1.2376168410963855,-0.46392883252719924,-1.4095202726894989,2.4769190287031004,0.2040132546997365,0.20238666678449946,0.5815786552808411,0.8142317382862794
15x13,70.55000621596291,-24.036758652699056,2.4195859209034536,-4.383471502100985,-1.9722340686748676,2.653809734988209,-1.1658079170089164,-3.802425036894663,4.304750344193712,-1.0075801416093806,0.13337093503999348,1.0138181787798413,-10.556166006535937,-4.411793974213064
15x14,44.03397087283491,-17.486017853244327,-2.120029026917283,-1.1011659061912813,1.2722787223144962,0.6268674731334013,-3.6866581716007643,0.40265503646366513,2.743767589828514,-4.481313242348613,-2.450224430945238,0.4774560638053491,0.1056021989734373,-4.355606596133954
15x15,20.05457683267271,-12.29558123381885,-1.1556363691539466,1.1770889680598133,3.9899194782138756,3.1600540852319408,-0.3699385883458225,-1.9710139861415539,-1.7760176346970462,-0.6785334843300496,1.338530844427861,-0.8492555909031799,-0.8470251107299662,-0.5686097169284714
15x16,117.91100869518719,-16.649169210486058,-19.794484420755058,-7.523752866780482,-14.364372493338703,-3.165991077214449,-0.13357921875830062,-45.529187995029304,60.44626455712321,-74.72824392946595,138.3832643653935,21.214896774895454,-5.180627023235192,35.70889125592543
15x17,9.086781271948682,17.53889825344948,-4.135646321666257,0.6654394022634087,-4.797871640783286,-0.7854808265041425,4.987074321122228,-3.222036509908352,-0.9794315522235508,3.3020600882097373,0.514825988439276,5.200210191064261,3.5452647123790824,3.6639841374885602
15x18,-35.45998600152397,-4.668549604785857,-0.575947283274637,1.9961042323150742,1.1207366555355107,1.873348632085173,0.3244365682005352,-0.3324709666050194,-0.02069502427521047,0.6778630556663651,-0.09445294351155659,-0.49058022755500075,-1.4295072299116767,1.9452679736547789
16x3,-35.5969793275353,-5.449988701194807,-0.1936356878755728,2.948877044479097,1.8317823125443553,2.8750584996305633,-0.05688669993129343,-0.9779595623884116,0.8358756666819817,0.5002027215746826,0.39280725144339335,-1.5475429376712746,-0.6719400199683174,1.7010345585930675
16x4,-25.48478547693719,-5.878712299826143,-0.9901083440573174,2.433683379663458,2.6925036102846183,3.0737762592096978,1.7906178079796145,-2.5168750560002993,0.19541404078734825,1.284923036395458,0.7218439548830562,0.5823238494302233,-0.8718492691617964,1.48345570138354
16x5,19.453124543106284,-13.568348391910975,3.2547447891764487,0.6194357419657426,-0.2609556840810009,1.6617148712524028,-1.466792483089831,0.3644429131511272,1.285436166906712,-2.782201606435341,-1.0471943956804664,1.0482787672371126,-3.8550304220191998,-6.848357035900503
16x6,10.096665293849748,-11.60690205142198,0.9015569426384817,4.103771517328505,2.8374114629341514,3.1576782559296097,2.7437885702597313,-2.1353525267392386,1.7090040568131581,-0.41111187618129597,-0.8667065273812666,0.11248485082947737,-0.7327773778055789,3.34104438866763
16x7,70.67966427988456,-18.18487962666288,-6.0884046843443524,1.352921737386155,5.083012431786833,3.8613342370741535,14.392720817146214,0.21908921980688192,7.233650902540704,6.344934676296418,-11.179732622086092,25.493917754730845,8.350763033419062,-18.5915334313153
16x8,14.201319659687552,-2.475433478672411,-4.105161164354436,3.0382738817833816,1.8553131970679577,2.038510692921502,3.937744913077294,-3.7840316047788156,0.23916944275707702,-1.4975898766734357,1.0744987806630906,1.2976238024658011,0.2706400169110268,3.528762934629747
16x9,38.96204543627254,-19.321643979089565,2.393600903566805,-7.6075939921628395,-1.0487139088603123,3.8783230437606577,-2.5629745535918156,-2.0785191763189683,-5.53730213179206,-2.6604020092918708,-4.313764185184769,-0.30948093860969716,-3.86907235079445,2.625721299422022
16x10,50.07915464474289,-19.744584590669728,5.768964242678041,-6.935521639008219,-4.251687273390835,-2.8312804971255767,-9.001218757764374,-6.1080783796157485,-10.223935339504479,-2.5404614165429265,-5.629716633548536,-9.585146990598426,-6.187557954403406,-2.9025877792413075
16x11,98.97961087497112,-30.97195157964406,0.13098744120131267,-23.051402173217195,-4.76699291041673,-4.83315532163983,-15.409965123229329,-1.3355416889640324,-20.47431452000914,3.498948502120811,26.63851534502467,13.253820963910602,-76.49271517503307,-33.54992524956041
16x12,71.68860216391242,-26.109048583765507,6.201067119887179,-8.059185244541062,-2.587303371542288,0.02724360720469164,0.9502195134660438,-12.908101953750704,-11.488120831776046,1.8637682634765422,-15.691301470246824,-8.011151933639098,0.26382031594066696,-10.27705348080771
16x13,45.93697846348864,-14.54713933033631,4.5969250663960946,-6.687494702666347,-2.218156703454498,-1.8279383134020466,-1.5107549552530657,5.008012778443847,-3.458839268314243,-11.306045313702615,-5.077521165485811,-5.951037899163873,-0.6534951604624492,-2.0822073967474926
16x14,15.54850331176936,-14.047165867676886,2.977578623901595,-2.0836047898203582,1.17435793767051,2.4443317957686173,-1.6171359613795175,0.7951623468233323,-1.6526104670594062,-1.0850752967233352,1.2070736120476488,-2.2082434968121407,-0.39041390494871137,-0.06289905589514674
16x15,132.55793314423428,-31.70663416114897,7.202818520693012,-14.574117784363809,14.61038078790379,10.71978362725242,74.88642095518455,144.08001980227948,61.4719618302452,63.882670859003284,23.610985038772913,14.517886500423572,-18.246735211683898,18.359237938503988
16x16,13.467104930518483,-0.03296855918163409,-3.359855883208359,-0.6704903117939394,0.38046720834098235,2.8936458061015498,2.0476997517229174,-1.4006996341756657,-1.0771462008605717,-0.70871910268148,-1.8658773762372054,2.2394670203468903,1.7631174724839116,-0.12664509503985333
16x17,-20.897434453529463,3.242846739119394,-1.923715496880478,1.7281383197967275,0.17839046964500435,0.4352279018008316,3.566693493353876,-0.8011351081010106,-0.25617958167329563,0.6205184455237323,-0.32166199796859024,0.9533242295750316,0.8408311308683495,0.22579606002173858
16x18,-30.4325156522127,-2.816455005694908,0.14834989420565253,1.4526760781135148,0.25713607075485617,0.86171786923294,0.011059814667376426,0.7815818881382186,-0.38174955516952447,0.6091376024254215,0.6842380265434422,-1.3097470568980512,-0.1273495642818842,0.6574415217246468
16x19,-28.782370608417324,-1.368601810799029,-0.3668912742442117,1.3963614371286526,1.2362283838838448,0.6142923010346614,0.41525905910554134,-0.6215216269042982,1.0817815710920948,0.1558230334914929,1.1092060686022096,-1.0239064237824997,-0.09806047977906429,2.0541083335570267
17x4,-29.9927344419229,-2.7747578062601836,-1.4924331839619518,2.0092388330819153,1.0961183909132197,3.0176285467183512,1.3162250576720642,-2.060933869702492,-1.054180030143031,2.0433115044722734,0.5901529768391998,1.011044881882583,0.08752239203173677,1.7207753296912731
17x5,19.062816652298135,-6.193725047518865,-4.586260806336506,5.27068639366407,2.6659427756104823,9.526600568096494,4.694167066732805,-5.750881208260476,-1.6506164032208317,3.405174404990406,-6.1663671260689785,4.552355227219923,-1.4538817099351853,-0.9455467912325934
17x6,23.184712564170724,-11.968152776798783,-2.5202083137971814,4.489981414235038,3.811040524607236,4.944353471254201,4.419573074145622,1.1402127690295245,1.2341407670534312,2.1438293452151247,-0.870893053723788,4.088715961361692,3.5000526435154438,-2.2844908824382166
17x7,5.491420989108531,-7.694133355339091,-0.010972794503442372,-0.46496723117891553,0.8824625569404747,3.848570152214916,2.9822535291212553,-3.6203090285827777,-0.5199018367799143,1.2119031312267345,-4.835320343354859,0.2943940573276986,-1.695731399616254,-0.48966183465309204
17x8,-19.271904046792184,-6.837085759285426,-1.0864947297115428,1.4217745516264237,1.973483936080612,3.4619217060179066,0.8127039959578155,1.4263967871358518,-0.6112557832690612,0.07613215625334244,-1.2278687578383163,-0.5782199095206415,0.8149234438283594,1.490344234292044
17x9,47.40726195170892,-19.783070878102816,6.067160902587318,-2.7711595082243745,-0.09114896651872943,-0.9893102274581217,-3.029054432153632,-8.174507140164192,-1.7719555561215683,-0.8221265388453945,-0.0769118594134798,3.0174155601312287,-2.0699293563636054,-1.1766925349122905
17x10,61.43682211077333,-20.451481827755728,3.391464279412311,-8.437779566836928,-3.8858520932045826,-2.059304156480911,-4.370989231279289,-4.956997549614412,-5.243928910726755,1.5027411530145105,-5.55388904842122,-0.9403478680637254,-1.3136844996918904,-11.424330186203518
17x11,94.61534636808857,-32.63935570967262,18.56681487951963,-19.815094779647968,-20.10060256500265,-18.615569105587014,-23.438535067871204,17.920504416309747,-47.02109486357341,-25.893844041424817,-33.719209908109235,-27.24604505311226,-15.905212563894743,8.339598009697541
17x12,41.766943091324556,-14.320126053934832,0.9558685293862644,-3.7343497515484216,-3.7807288309966207,-0.34525136402053036,-3.5023110435537967,0.15355430105520884,-3.397568063962931,-4.231752822439642,-2.7700153627535395,-1.1391449889685417,-0.7261298130870624,-3.371579891300086
17x13,41.25569795800452,-19.216696629378266,6.2963625411364585,-5.642784166647275,-2.668582606659474,0.45058832888481054,-5.620437563138964,1.6803727985858925,-0.6226558823467534,-2.3417520308319952,-3.7423485631691187,-5.653262176842308,-4.290504307024501,2.397876156431403
17x14,109.90689398802695,-33.85081335374638,3.3099857122000715,-7.500935887903433,-0.952258024387105,-8.941501337745777,9.58039970953351,4.12577904946921,37.944915929531284,-41.30958020265916,-27.48896791605829,-61.08188137232794,121.82231583475595,49.378040777505134
17x15,-17.20924322504933,-5.89140724788792,-0.69159127212272,3.0758332068041896,0.6585488528567589,2.5503491248924863,1.3118776291786798,-1.2933350162495905,0.3110794702267586,-0.40695316438216295,0.7258867085807436,-0.3885216088741051,-1.1689845264889869,1.2585620748895139
17x16,5.858502793909359,9.501485517458958,-4.544299194740302,1.1288877301904632,-2.0674715288495378,-2.7651744548110297,-1.3026368176818108,-0.2886834821852059,2.132867206248471,1.6384491794245122,1.3641056316016622,2.6719244683152716,-1.169276437239214,3.208987359679113
17x17,-23.86260912037178,-2.3933193953385525,-1.4155179838646432,2.3908354085615464,-0.12774845365719456,1.096556927323234,0.6335296820575752,-0.6288400594662131,0.0036709648714043784,0.690001875132867,-0.15221189971903304,-0.31238188471890593,0.43348882860661325,1.3144777183373855
17x18,-26.07563558493857,-3.5975502902486634,0.358238280192848,1.7490083631004543,1.8333421831517402,2.2883274236544633,0.33441312153056607,0.41761898270543146,0.23376695612289272,-0.050322139287745885,0.8319880470429338,-0.8484411149781623,-0.8609253867696769,-0.20695914560319897
17x19,-36.524275817331144,-3.3886588359091503,-0.4274549179782293,1.349138829407501,1.6073661710601768,1.1296264042624287,0.7053567880865623,-0.2213727003444165,-0.6740086904148863,0.5109036068883733,0.7507077449064441,-0.14062231558777874,-1.1868361990347474,1.3548771614876713
17x20,-14.899437889517815,7.868147938533095,-1.611264218082379,1.4040745747013592,-3.1122097708158045,-2.3330912172982887,2.2482835716588934,-0.7049036196737143,1.2636404449718603,1.7305980501788407,1.7930553285642574,-0.10466213457206218,2.1908035351151076,-1.6203493051174047
17x21,-26.735184934432404,-0.9677625342454237,-0.0006879868227029603,1.7706867021319792,0.985585819710526,0.880743830552762,0.03976023747735435,1.4379088598551089,0.9865633959966743,0.07188116226631712,1.1564542295002855,0.5259099138696833,0.21123601342472428,0.6581035059139463
18x4,-43.39577515489845,-6.091497505976078,0.06510679310981653,2.503123214979077,2.338825717921962,2.990428335884362,0.17393786865340416,-0.8116868085675872,0.22509943486133793,1.222916725356518,0.5368004481233096,-0.837220184166373,-1.05137193788556,2.2681697499094735
18x5,-15.54107113459021,-5.2910055520382455,-2.0632306591404697,3.964862449150503,2.77729291721377,4.096824964526367,1.49020099572211,-1.1593733622381934,1.7137845100019,2.664407188938251,-0.5772591035579356,1.1936273025998703,-2.3822989944825084,-0.08521489028440332
18x6,-8.078314803285704,-11.247121084718525,1.1238783375870152,-0.029820535821581312,1.5592117955716636,2.577750676086127,0.027053788160790862,-1.5731209071705992,-0.15690024005426534,0.35340764736366287,-1.151553981368771,-1.4644715350298882,-0.6479079826747849,0.5332472677672044
18x7,5.250539411887633,-15.109112571960551,1.8453877122781468,-0.4410950791739769,-1.177297624872805,3.4968440828627605,-0.5838616479122607,-0.14031433325901282,-1.5940435092893444,-0.38186886151262256,-0.5309978055621071,-0.0684770450074424,-2.170608393583276,-0.8843417596453701
18x8,53.48881889468278,-22.866216297013437,-3.2508305728468136,-0.5790871298393567,2.4201128793062052,1.7004015804615684,-2.6976721784426427,-4.724609787599617,-1.718521157447333,-4.240998333204903,-3.3399274573908446,1.7667479062989349,-4.386513011047996,-5.132269659374095
18x9,36.31151078172855,-16.878259680991928,3.554375169519479,-0.8752507713511588,2.3013727515938704,0.32063763401144696,-2.8291355927521247,-0.9896038027632621,-1.8120433138785261,-1.1470444706646712,-1.6786811575543137,-1.3490148413791827,-2.26148730682172,-2.9637830363535715
18x10,78.95145725089927,-26.834249762792684,5.308391236925041,-9.620789204650936,-1.7884125007961547,0.7135759027803457,-5.420987656013373,-11.525528173438369,-6.440251818159638,4.062687551156353,4.041680086440259,-4.855442938016408,-18.130558980428543,-19.52655390218121
18x11,26.94769754195889,-19.347718930763794,2.7311314342214055,-3.554654251022654,-0.7317903258964691,3.6649102810470415,-2.3284712194282435,-5.468411020848984,-5.784958337839795,0.17070644476198446,-3.279750761853628,0.7792769853900553,-2.0759558726344913,-2.395343169610516
18x12,-17.322129918503848,-8.961349205829812,-0.8289824517187322,2.342187878860683,1.2000399857745698,2.04197532630875,1.1162265036654275,-1.6016352718835383,-1.4908067327860777,-0.3820946738215765,0.18856496553913332,-2.76864404451331,-1.494544512976253,0.9688373198088089
18x13,13.833063838602909,-14.857375801763169,3.458914644088638,-1.6916985674508984,-0.48509261090611117,2.618123724931654,0.23338818733560385,2.799954771792001,0.7256770720868104,-1.8913243235717005,-2.086093418051294,-4.182579315675816,-2.2614337115459335,1.0709003916238198
18x14,100.75481349598667,-30.628164556659826,15.575982753354992,-19.066531976718547,-4.30063810122492,-14.166531822034075,-10.986716551141516,7.1818916059843225,-8.324652827812432,-38.934475251261155,-31.89379224616729,-5.788971232847309,-53.00180073120066,-0.8884688895337363
18x15,-10.29680482447094,-4.97331775498155,-3.126067947898576,1.6562334242790053,0.6847463008051826,2.900028617109904,1.1033417333982969,-1.6029116964431236,0.23448617178596268,2.847084092730031,-0.010293648394673512,-0.011274506481537218,-0.5148790005573018,1.91283469678726
18x16,-8.156460233637253,6.564256258274502,-2.5575805471914537,-0.3803171442260577,2.4113372506826383,1.0112925943224553,1.800169698183451,-2.4832926949572034,1.0171689938629214,0.40715372457863724,1.6013371205166225,1.856217096128027,-1.5880387785633379,0.8226162868270726
18x17,-21.48735728321923,-1.4912830210360348,-1.5303066025594942,-0.5562573698593135,0.8281164326424892,0.8096597674993388,1.454175171662633,0.26356360581099697,0.9207282751758585,0.7697748314520231,1.4853831262472161,-0.6695113200778556,-0.8569049433687352,0.5729993607158924
18x18,-27.8933170656197,-2.345346035955347,-0.8410839639720062,2.5579703406191587,0.7559149565151239,0.9688142106906309,1.4952606298068196,0.7422836237535535,0.5160029401283636,0.15956372587804132,1.234472699632463,0.6810916448215077,0.6360069354078947,0.5402231752372185
18x19,-39.95278281034737,-4.36459632568365,-0.510531115766847,1.6447968242954196,2.5216285004165253,2.8343824223648064,-0.13683693749398154,-0.4888836976630974,0.15833994432042894,1.7679958162345655,0.6563159911593571,0.05190327430695098,-0.9581250410061801,2.036723574260119
18x20,-16.984448845119896,5.083927217445381,-0.6429703013868284,0.25570064027253014,-1.5819954697932652,-0.9451851200281091,1.3798759097805138,1.5826667959698593,0.27194585486990397,0.41666325334135196,2.2685963513501832,-0.3905357583430672,-0.18812537917538116,-4.362854209018133
18x21,-21.854873205861104,4.70404381268814,0.9530113457234983,1.0392139014701958,-1.845094878213615,-1.7754575991608328,0.6846248652111779,0.9940684811012708,-0.09135763287261271,0.5404051763768969,0.6926142579019745,-0.5330684224069472,0.6681662050699243,-0.5650028233279729
18x22,-10.714712713658145,12.030398005334021,-0.5052490942328365,0.8419954340959359,-4.039196919502664,-5.953422913996081,0.48850553835912086,3.4247941870596095,-0.7128257973827711,1.736125605049779,2.336106185477143,-2.18899201490121,2.7057983117543376,0.4683448875751685
18x23,-26.075232638240767,2.8640036762178016,0.3308455586148754,1.046976780438873,-1.2663833708853527,2.056238963977038,0.5168213392393846,1.2281444442593128,-0.3640391062624187,0.681086498897359,0.7246601042898269,-0.14639696860381157,0.5465265742750254,0.47541235512227187
18x24,-25.266172311184235,0.7694460587019978,-1.604529931392273,0.6183474134055451,0.30815290826380576,-1.1414352694808523,0.15372417856073975,0.6535070519708974,-1.6481356107369085,0.225247699628479,2.481823474273865,-1.4416000905094895,-0.2336040489700762,-0.4322192301646421
19x4,-37.04094324735981,-5.188532358381456,-1.0441142842105908,2.0652253707719446,2.876119157789839,3.102366150797758,0.6511222480503787,-1.338156477024406,0.26073723851374364,2.069763964649531,0.6376319000541569,-0.22359707018675196,0.1465003040512425,2.085889439705198
19x5,-42.59535687547155,-6.160339821405861,-0.10650054585393436,2.0444903869451787,2.560199201139178,2.3870489381959024,0.5791798055005758,-0.07921860442241495,-0.06686288050083036,1.8917042968298199,0.3372149464632515,-0.8413219150907063,-0.8781836477525187,2.647640622543642
19x6,2.1203068996148766,-13.312996620101535,1.6627106561153815,0.48563412327690786,1.472019752642341,3.668143508962034,-1.0468939284952057,-0.6198746991726298,-0.05803441898096589,0.7268121575926563,-0.42555117130223413,-2.5498174456062737,-0.6091206951539047,0.5140785425420429
19x7,23.121106405320994,-17.528872730560142,3.3342160261630456,-1.5093574290444631,-1.82209968523547,-1.328752054441747,-2.3179861951859912,-3.2795597643043553,-3.6786328429430712,-1.1164449393569187,-2.54920322849854,-4.0198020496264055,1.8180674247410908,-0.28399597887051675
19x8,-7.480479289974597,-13.112200932190587,2.6954252695221474,-1.727218193968481,0.05953660443457645,2.1562478724086396,-1.5116067235179973,-1.378196393079845,-1.5342960006924906,-1.9931512345254483,-0.28410409337511194,-2.406561223021676,-1.5427968277088255,0.2182551572394084
19x9,0.01845777553867934,-15.140926430685306,2.9698188246188564,-1.9438085264426062,0.35971311106322057,0.6997394124305852,-2.4851657310172555,0.038155884025964426,-2.079170836741294,-3.414448107797532,-4.653815031054192,-5.432786971726153,-0.21826104624913792,-0.269121044992809
19x10,77.43703783804877,-30.983001916511668,8.903944577508849,-7.213308705647219,-3.9712813482873472,4.859318513121926,-6.740897443026118,-3.7774672885589804,-10.742167933783096,-4.18568229985807,-7.342422512727492,-3.895739719816134,0.9217518472188032,-6.711699837246909
19x11,43.61836680997047,-24.748466287093997,1.9540126385996508,-1.4988412497585746,0.3927182372561477,3.8900712730410545,-6.02192398336864,-5.4705901960572145,-5.601091496247672,6.417000174877743,-4.273517355429131,3.0804579390214637,-0.7218151112958338,-5.706995152426194
19x12,32.03013996345326,-15.607137606570328,5.478132420669935,-3.9813718442495936,-3.690568357461295,0.1553147494769244,-2.599639427682336,0.8159398116772809,-5.574108240457227,-4.930904813136886,-3.1361706422913076,-5.087722623341426,-5.318689180243103,-5.634968484585479
19x13,72.21352029087267,-23.485366281082946,6.801180252322497,-6.334413250937357,3.7806625503401152,-3.293289722783299,-5.568128219536949,0.8546241738575705,-6.3172865515144085,-12.448085258165921,-17.15391870205926,-1.5808516129481338,3.5901476780237465,-3.469129810203453
19x14,67.83496401812813,-21.198692020241545,4.403195512207487,-2.79987215319403,1.452309204016118,-3.064115517976282,-2.2943251612939783,0.6606114859240351,3.9732353660693973,-3.769151520273153,-8.371015617325675,9.923614762757284,-3.5960614696956483,-13.612763284002282
19x15,158.92909092433092,13.021228136362208,-92.83366905749645,184.25669768440326,-25.75300574591869,-9.387779536510385,-31.655832026137542,27.737247257077996,-21.41821594035988,3.7356563741291264,-0.8986687119747578,-16.8205207899292,-7.005471243078429,2.277986352338678
19x16,-2.5684270848375323,20.231428779785244,-3.7241390451159364,-1.6813080428537728,-3.6483632205341543,-4.468365237636021,-0.07526025647596929,-1.3670304680743062,0.051661734206903585,1.412545730164882,1.6582267231881096,2.9818141043692825,4.206586493611793,-1.5727304316805248
19x17,-35.663715445248485,-4.546552346154955,-0.6816717723365444,0.5333870412356361,1.224718763954426,2.236688631429365,-0.3492303864822311,-0.8801157045566353,-0.3895621012928645,0.34479434105390966,-0.5797739053463881,-1.1181029295641978,-1.0691611512701529,0.43547381346497716
19x18,-28.0616794834637,-2.553154571633902,-0.9302468040225665,1.4303307225329769,0.8655461208007769,2.2319641138226607,1.1339059389112527,-0.4959761099515492,0.27737434782837767,1.4769601964742116,1.6282867091794915,-1.0235185816061132,-1.086360031495596,1.4084371187393852
19x19,-29.740568376648444,-0.5593785196269453,0.2821374622127069,1.6331547987806478,1.3055404372527561,1.2160615198968703,1.0109449108210686,-0.25795830872276587,-0.086835100992301,1.4494500124374534,-0.07441215039373635,0.3482425876056764,-0.13049394525173444,1.5017089482391333
19x20,-26.6885337621719,-0.17366557228394258,0.7370920855033812,1.3774753268027558,0.9015989899717823,0.6658889795273462,0.5867468952092838,0.07860378354209248,-0.4544433772338025,1.8889986638336627,1.5488864476271003,-0.18688996463437296,1.341124703647985,-0.4875585501822125
19x21,-47.54287028334598,-6.382583920787879,0.019631717593726866,2.450928361796696,2.4637013058857136,2.992632389578767,0.34804330113607523,-0.6061910240900324,0.01774512792387572,1.2629598116466894,0.7296930327824607,-0.7039293407922487,-0.9250382345661112,2.4451096972625277
19x22,-21.68334954691091,5.9032473706384145,-0.4733627193001426,1.1568551542519854,-0.9791039868338167,-3.352180804267265,-1.8552028206912612,1.5729930800883227,1.0333233663285741,1.4612983664829964,0.03746964147034674,0.6014563929454051,0.9192485596349292,-0.6594479659164938
19x23,-30.119216229078646,1.5038891637466676,-1.7365150760423478,1.6252803355809378,0.001983618591639526,0.7093930523060166,0.1637842710152964,1.4117164140082994,-1.0383413820209815,1.334833929798056,0.30382364394685674,-1.045735473740534,-1.2648291037897137,0.7851101646229043
19x24,-29.82773223963315,1.5599652838155902,-0.4703348314243404,0.9576244473027508,0.10482416078932466,3.291840682651721,1.3409596637048709,0.3880480132396901,-0.08733201403223155,1.0177633939156796,1.856026650894091,-0.6954110314606685,0.8965066014901754,-0.15225931082360591
19x25,-38.41865580087103,-3.862524079451949,-0.037499426506821504,2.0501000627468495,2.7001138917297056,2.350475725757163,0.6482086004505495,-0.7079580924231884,-0.16191216118614501,1.2827163427930794,1.1781942493232689,-0.5516086914377196,-1.0290365696349129,1.660896605730478
19x26,-24.65188015785392,3.6493244764162913,-1.602082129569244,1.6482013853976698,-0.997820728602853,-1.425177893716553,-0.264565898815629,0.4277578473097793,0.8315717207583377,3.050115930224409,-0.18707914266101908,-1.4599790164579056,2.561555046850476,1.8625088857161507
19x27,-42.52251303468052,-4.564643316357306,0.21262985075223853,1.7913066910806967,2.2248296331179027,2.528917044081365,0.2327930554053078,-0.2740949001763615,-0.43347289118878773,1.0461682855844803,0.8884865249234999,-0.996395078362,-0.41318322951111297,2.1977981495416725
19x28,-39.044230897190545,-4.173457850592112,-0.9615515026429153,1.812584363591692,1.370693993204165,2.000493477316564,0.8691737885001204,-1.105651114360811,-0.6907736805689622,1.701961972813874,0.6735843073314025,-1.0883335570658634,-0.5014690108374319,1.3254635724564834
20x5,-40.89039460005675,-5.5782874037084245,-0.5960806819219094,2.1876453836426912,2.359883441342348,3.2009428326959886,0.7842655675323799,-0.7803770059514024,0.2753452695344258,0.9904038714725468,0.7416329894890958,-0.26358278408903135,-0.7099939800158352,1.4915049337178885
20x6,-27.526597421239327,-8.06145374303362,1.0755432954500241,1.3084773343526372,2.3793696869374377,3.0434760048575384,0.8785591073284699,-0.9559755537841979,-0.2257771761959981,0.5053883284825071,0.002689278531545548,-1.1174707692546262,-0.2564438689146794,1.2119008866303311
20x7,14.019567006526955,-15.766686571404406,3.509844428013287,-4.17388957559822,0.6674368067240309,-1.3336201467431985,-0.9770913424156158,0.35806863828726837,-2.003871949566929,-4.042872353337936,-1.3861126885967807,-5.460621931643729,0.19569581452063675,-1.666793903826089
20x8,-8.768418237858912,-10.452101278183745,1.8865623433749659,-1.0087274189207365,0.4550792866094597,1.1372723458932577,-1.7121047344882447,0.8298480774245202,-1.6690436750729316,0.25724244496070603,0.893355983272766,-2.1855281863463594,-2.5976786365125566,0.9844459833776413
20x9,11.27572206913732,-14.71929941787799,4.750835240472967,-0.5770130419986315,-0.002647501717716592,1.9986716805068625,-0.9232360895838759,2.485514599589474,-2.052559503435084,-2.9407821851998626,-3.538856639754687,-3.367169383310994,0.7466562453561251,-0.3787242446283355
20x10,79.65239238980944,-32.016245726730574,-2.6988937293602873,-0.810738475945938,-0.8588186973908761,7.602200956714836,1.875364436885955,-4.9546293716034535,17.0805069519881,-1.466270318594949,-9.146505103569803,9.490453919266754,10.172121110629815,10.34505100579975
20x11,-7.992162468527788,-10.710831534869657,1.3758841315074963,-0.24674581232061663,0.6458778940821985,2.705922702980963,-0.7256591481732079,2.4550349266014377,-1.6957771671067035,-2.295040519945842,-0.827694693421347,-1.62758354522368,-0.9963662292853926,1.2979392134421677
20x12,66.29233844612351,-17.747527321860968,5.499346364677203,-10.58386401147374,-7.322976458175427,-6.218515974023265,-2.4243696042847125,-14.06783585439051,-4.384001937651698,-24.546335259492587,-8.370076688381737,-24.72910561922744,-8.700518257433187,-5.881273473812222
20x13,120.49445513286469,87.28622080761514,180.23497784833003,77.71946303440303,-3.1463360491477084,72.39064937892215,26.131756279281873,-23.72018988555867,-7.857466124654138,3.7069771090551424,14.936396431091996,-6.955469529797834,-1.9825716483672118,-2.009633627778476
20x14,64.47625034275234,-5.068071021761219,2.607417505841686,-1.446054329537103,3.39288350109785,4.937842402793716,1.4377865386356754,-9.765932421753968,-0.39691190753801286,0.8955101534047025,0.9239757284321023,-8.44692240418914,5.636819583333413,-19.034793977901113
20x15,91.95987966053028,9.174879728976999,-24.813471514919765,4.839502679291788,8.109648230571228,15.213588919767634,29.637591207737312,-59.1332903080251,22.948770625105592,32.01716280463888,-19.967576368194937,83.90471599424971,48.47838026607222,-40.90945617268575
20x16,8.86404076065678,20.298043220988948,-7.293488775000146,-3.1952695699015683,-4.224458421633747,-6.154331315469871,5.551420923313569,-2.0847133327131475,-2.550052919770965,0.0738345554666824,1.5373121740217497,7.6318489756223045,2.908839549633277,-6.146789749690705
20x17,-30.720773165611146,-2.7785149445261346,1.065799804553349,1.389745113163007,0.8718998687907125,1.4715644834882495,-0.017000398063200653,-1.476386164229611,-1.1054382717839457,2.932689429921482,0.6087127524655012,0.7415210060649534,0.9389805453790359,1.4309651103819856
20x18,-32.29344156881372,-3.5379376060401198,-1.2731127495455572,1.8246594789307928,0.9826342025238981,1.779049585000088,0.13375945189505967,-0.46830081872990137,-0.7189631154364767,1.163048810592494,1.9143024034720244,-0.052554926566384774,-0.21442784538894252,1.4151539877491341
20x19,-26.784879030411595,2.758587976860585,-0.26616680830406403,0.2544413087576614,-0.05381819215100221,1.3731408635089424,1.7317689084886012,-1.6997253866976123,1.1884693250343117,1.090713566092913,1.4096131792782238,-0.06169895302415801,-0.6878026899720904,0.4157263851051348
20x20,-23.511138793992718,1.7043582908415216,-0.6939691745028419,1.1278618747497922,1.2024701917481742,0.2513651544449205,-0.4230749945234888,0.018208138673700823,-0.5931544627881864,0.31174823004460067,-1.3532625876882607,-1.3056605943056339,-0.2676871501340467,-0.15541295129562227
20x21,-28.886930921030064,1.8513007840928182,0.020858722770165608,1.2502445146703045,0.27564800290651426,0.2716075585976617,-0.1936364604902601,1.515972759796396,-0.2034580771263764,0.6744269416455034,-0.009005564206199372,-0.2322539211055718,-0.6876430165418865,1.4897872155008836
20x22,-16.472898457963545,11.972559527607736,0.30968271577715967,-2.3642673599524695,0.23315659520493195,-2.9735534690397403,-1.4193266246322747,1.585268473052537,-0.6112772191135367,0.06456110676703876,2.277853784410527,-0.4745067981572902,3.5815314652062513,2.1672408496118423
20x23,-12.209310515751163,13.47203206889351,2.3872859348940807,0.2196701799296073,-2.993232026060327,-3.7725460696356174,-0.9385399990966823,-0.06724052048382774,0.010555092729658613,0.717156592797645,0.033452386848976966,-0.4982756575312913,2.2899230491973097,-0.960851006504176
20x24,-32.04045227769071,-0.10784058864499518,-0.05493235731853531,1.9770915443320491,0.40874986596346713,1.062060562933144,0.40294480643686476,0.6634945497095859,0.24921510728311008,1.6193939733528384,1.1179572041984775,-0.59840797106366,-0.2554237997298089,1.0688417463668947
20x25,-31.866745668813472,-0.25939785757938294,-0.11170408652289322,1.2929643416024141,1.2349090555728308,0.4992388416075096,-0.12583245206077698,0.26084371072998586,1.0229124829967302,0.15247819783689787,0.3946433786632211,-0.24015968931968787,-0.4072294608226025,2.3016764107547742
20x26,-24.469244244998293,4.682406886130545,0.06705333814278622,1.664169065505829,0.6739262457392292,-0.9122898026982764,-0.701358263259108,0.8583694094616394,0.4905940059728514,-1.3028101366749796,1.3336688426097603,0.6796139415251499,0.24937618357399077,0.3946015504403247
20x27,-33.575540482798665,-0.7714685270572094,-0.9194921609521896,0.778977089684431,0.707720245375046,1.992449460237359,-0.340390746675273,-1.2075364192425737,-0.6003219637030327,1.3305333357309796,1.2729860516096858,-0.798084216941121,0.18246447608800692,1.861121918422689
20x28,-35.958059453351794,-2.216251669034157,-0.8344229616041171,1.051278187085318,1.5222247229155943,2.326579732655923,1.3364496518049471,-0.6716679683538259,-0.23477995490130912,1.4341078474687776,0.9310981504663882,-0.12945473384353495,0.37583019056160993,0.8406796445221097
21x6,-5.6620819742566315,-13.625618541834992,3.2345518405976073,0.12213417800871294,1.2417666124521216,0.8002158725718632,-0.6961178563273682,0.7314586240300656,0.4813038242460912,-1.4366605704296649,2.607232301441104,-1.0829361318233892,-1.1706378510962274,-0.3666394849635947
21x7,14.443023868680386,-16.94796544192961,5.675488648627977,-0.28721002450506544,-0.501224830069138,2.0046131523320994,-0.1594826633750593,-1.2947004493862768,0.13954785126122707,-0.05447067674944561,-0.9852316149750108,2.9978558772879023,-3.110398331698729,-0.3036987117260176
21x8,-2.0971759563733348,-13.508240802980803,2.6877864055146516,0.19077271242688826,1.0139275572120103,1.856529619857256,0.00914413588800937,-0.8723193059217567,-0.6680838450600006,-2.505862665446296,-3.5546368886037865,-0.6706347126895482,-0.4602518456904588,1.4380096965984865
21x9,-13.255997195575274,-11.129796856306221,1.0173084621664692,0.6836432534056677,0.6892146815872126,2.3918660506340492,0.219690988377527,0.97787419118432,-2.5947309379453056,-0.8708549180701193,0.2766403956645917,-2.1049555352260514,-2.54915527333375,-0.28942367549657183
21x10,9.613626602511218,-16.004262850262254,4.60613667636176,-0.7484574977523721,-0.7373865563168237,1.0432676541894503,-1.0829790024957493,3.153641667707569,0.7409942826839746,-4.244081436544999,-1.7085536246368347,-5.163572170222623,-0.5589215768657151,-0.00696402560706433
21x11,-2.7586950114468274,-8.73001557137677,2.339725807109056,-0.03800961887618734,1.8884781850316217,1.6457740702818835,1.5693256522146972,-0.5080529716200964,-1.1737470322387709,-3.5746462873250047,-4.2451039005007045,-2.7077560779789467,0.029757394233339625,0.6976565774175917
21x12,23.83558937415137,-16.42373822450607,1.8453185517690205,0.6746029524237422,-0.2791093417622923,1.4832162626397636,4.0290992430318795,2.562505318034174,-1.8522105130327324,-2.3699854554788495,-2.191072084331434,-2.788647092424009,-2.683922247541955,-0.3525787919058709
21x13,59.34819507705241,-19.9539383975131,2.1007447440972684,5.684725078655145,4.0729631074934955,4.953459693529394,9.073460704953272,-3.289469686123513,9.69656086330959,1.3725048023810529,-7.677611813180205,2.6494005989484233,1.9988460184857846,-4.890843499292092
21x14,17.526506476040126,10.119987926668975,2.078245988547893,2.0201376222985994,1.7985328660720041,-0.027870817020674357,2.986429199655887,-3.688112414397839,-0.22916394045958133,1.5552135405246168,-0.31727647410877935,3.000191045645054,2.427768014692758,3.4128576314946777
21x15,41.42752364648118,39.42114861975136,-15.583811018648714,3.832846107080447,3.4098700830901265,1.5664138006686632,10.343201921539263,-9.85138224540313,9.474128138851789,8.413507322185145,-6.347402271851277,21.756526509128975,-7.810441684340749,3.8828250716597754
21x16,-24.43087426186988,0.8895456273777208,-2.1714807644654424,0.7372948266131814,-0.6764944123453757,1.9017864004181502,2.198897705081616,0.38918945513557107,0.21694468502788422,1.9259542088443966,1.2078302585776437,1.6728692314386004,0.3451869718149657,-0.6294218546042891
21x17,-36.17441663497913,-3.215340559499216,-1.3106810534068585,1.9116019893319283,1.7963163277160945,1.951338219405906,1.026791223665798,-1.7050270514481183,-0.33040858796954653,1.8952194051699556,0.31134077585997283,0.31675465994108853,-1.4089979025729529,1.9342206483777649
21x18,-36.89122581549009,-4.757301253436739,-0.2916291341941362,2.8414033233661016,1.7007168301400175,2.1596222385932022,0.4446438121607591,-0.10795537024743404,-0.3336498375477552,1.3680623329636044,0.5180217054756944,-0.2273151483444056,-0.3183646687656537,0.8687443416797231
21x19,-32.80999995425746,-1.7635065308977753,-0.64662895258512,-0.09588197098936911,0.5219627430843831,1.2372948856163846,-0.17336014665116947,-1.027355939540724,-0.48992145945011756,1.457295654038764,1.8403389252791356,0.20848895341710888,-1.1395796428138352,2.2852919961710176
21x20,-36.81546846612631,-2.4263006836597514,-0.64052240456759,1.370301995123666,0.8053660728565898,2.045752836625584,-0.21771838176475586,0.4818699045380906,0.0683790772486954,1.466154836143035,0.3544330217941087,-0.1540382766449783,0.056809047123948575,1.3313389699868614
21x21,43.58541307438,66.41106892556579,-0.6583845818739438,-24.041654997531403,-27.18259841609408,-42.31118380622331,-12.537350865748465,22.56033956756386,-3.2602992871751524,-18.120126664714398,20.716916769562054,16.042495197942486,31.02022337256296,-88.5535383784834
21x22,6.007698261406713,33.785010154397305,0.8822536925330545,-5.870732795104921,-7.797893594241568,-13.704218422168267,-6.241813729290701,10.080723090064346,2.829620477779525,-4.0167203567173555,3.632645011920635,-2.2287327356980944,4.431991908878523,-6.939719202463323
21x23,-3.406784107636926,28.099062495994364,-1.3034857545596135,-3.9001747280116454,-8.756956472334732,-11.77000725681787,-6.628981920043503,7.718531338259182,3.4786684660210865,-1.3428668398532058,3.5523926013764555,2.3883767174651793,0.3978467266106455,-7.608186638247777
21x24,-24.197186871409997,6.500506096367555,-1.9924491789589045,-0.5514137709006891,-0.8913881911498329,0.8404354910039079,-0.8852420414300299,1.0250417964727028,-1.584144824479783,0.314235631305728,0.9159141130530956,-1.3526852476071183,0.738975375724665,-0.8812461525998527
21x25,-6.2909626871431295,23.639535419041586,-0.8425971005754526,-2.7952698324120333,-5.341692387868424,-6.975675158828362,-2.94439491578061,1.9891394692194597,0.40693361726239685,-1.7630688313422338,3.6682477552359054,-1.8783645043813255,2.9108940194114394,-5.289633689578079
21x26,-11.344962491669726,19.331277558158785,1.021405414025566,-1.1913765914236978,-2.99448160683333,-4.857260964559359,-3.0805479317583604,5.375655691204691,-0.05587567307287314,-2.5823265985192845,0.7856153620672952,0.6747135334465086,2.9847130197462275,-1.87806383594569
21x27,-32.61013600158619,0.9661440516399128,-0.7568469846328312,1.8417057524422913,0.06373718319150928,1.4628298331697036,0.2112813133788133,-0.13403485343616967,0.5632707848598518,0.18464311744186912,0.9336353365322476,-0.5065484171672293,-0.0696773224179714,0.5453873483806274
21x28,-35.518791040710234,-2.208988121153405,1.472063350714187,1.755474461880499,0.4448836667689334,1.8890882246108949,0.305245555336103,-0.021120059926764197,-0.2666556218759245,0.26492039865770983,1.169767129268643,-1.0257654646187853,-0.35426303207737664,0.24288053631392215
22x6,5.472188193023457,-12.385241606512682,1.1327618214247146,1.0797655263178523,1.5681242946577514,0.7194034241626103,-0.7946940629713338,0.18185106483733252,1.1181597817528743,0.975404914960965,0.6615676966031995,1.3052174464544208,-0.9766713782433228,1.2944094724838322
22x7,3.170394667286391,-9.563283007018178,0.06875497563050989,2.5956557403930796,1.3827956227232499,2.8811135784334603,0.8485011872211213,-1.0626235809449387,1.616714811479844,0.7291214485526017,-3.142417333383228,-2.0410374883768663,1.5730577761624156,1.1737453621624252
22x8,-8.11173156214477,-10.15096820794894,2.0399610625644087,0.7480389909464903,-0.6084594784798827,-0.001108304476432981,0.12736496172796197,0.1983323211241872,0.12886594702394596,0.1887359253257786,-0.8595110936403348,-3.2188157581105896,-1.5814588928581266,1.9094406263712564
22x9,21.633502977571435,-15.804604866799975,7.544256310523382,-3.7107398863057575,-3.1472402677104108,0.6057975284730447,-0.9203570415146044,4.984251624391487,-1.2701497512359452,-6.004263239028059,-2.429209080012977,-6.781508869721267,-1.4874448271800338,-1.0867649031877304
22x10,16.36276134906602,-11.783439107124668,4.364618065800029,-1.6790875692841123,2.57078618531193,-0.25903155963263874,-0.4495617890399685,1.479856847368006,-1.7368165244998388,-9.159786712845921,-1.258065601581599,-6.814944102080659,-2.478246839064805,-1.3699774889801781
22x11,4.7548423352335085,-11.856350782171303,-0.2812225577614999,1.3628318946803801,2.6573354670287976,1.8531583351602812,3.915173046770476,-3.7009327654697675,4.078646211183345,0.2596683405463857,-0.8235120186155532,-0.04507215577932612,1.6044276684715746,0.9923222396160654
22x12,28.64699391417768,-15.711878047913357,-1.2840658012235857,-0.04899560085036509,-1.3503077021381311,2.090761418121106,-0.9818684898112907,-1.3191231020667393,-1.7968278706524197,-5.132254912585187,-5.969851420251584,-2.510777391008192,3.6576108745225477,-3.419141011678158
22x13,-4.613975020131111,2.8404352085363134,-2.744435218931749,2.152061915376306,1.1978429614164496,-0.6297078219701221,0.19664753695958045,0.16298828088840997,0.4906671244192297,2.163034788427809,1.0825200100665162,1.5575300375189722,-0.6690669868184254,-0.6086859286790656
22x14,0.03774407985349345,18.349381880568295,-4.2878716961754915,-0.6085000644129133,-1.0275114654925204,-3.191330438213109,1.7640996628030283,0.972969853275407,-0.8767145101353289,1.5431745742236054,0.3869611871777423,1.0663347868433926,2.51338040535888,-4.3294388753224755
22x15,-15.00531781120664,2.909256184532445,-0.49133196646135807,-1.0783215445570715,-1.4386208502839204,1.1199842844448424,0.10765226689137197,-0.0879785113890026,0.8545638357501041,0.6318506232196919,2.7430990212633892,1.174601445808168,1.9037250503674283,-3.1402479634187994
22x16,-18.466860897394103,1.6662150471442616,-0.6605069447061981,0.5999382665642822,0.39111456305242753,0.7874038077424013,3.1235998224704002,0.023367742483248542,-0.990851459676951,2.982411055601391,0.8771804243462035,0.3396934577017052,-0.6071101491103672,0.04677839518089115
22x17,-30.952594319277292,-3.555188058734889,-1.4899380903910877,1.302888756880417,1.429912357120203,1.7892809905361093,1.8660803037643756,-1.2491521685629532,-0.8881520518500033,1.3440142389471192,0.9329389042940295,-0.3924805001939129,-1.0960820783639311,2.2415313647987403
22x18,-33.03726035943772,-3.7908711068467618,-0.44324854950789294,1.1258342387565172,1.548783608997705,2.7306900263159446,1.0803502955887323,-0.989257754197502,0.3229906072148752,1.4792230090776335,0.8914200645507095,-0.5005936403307591,-0.5304685678214096,1.1431781020880833
22x19,-17.130092153014672,4.962082777573019,0.5942751166559549,-0.07914476731679435,-0.8594520536550025,-0.4966163471508447,-2.351741177650571,-0.8061240602399552,-1.967293553828249,-0.026857295255316497,2.1507786503222603,0.48529733364927863,0.8978159647282733,-1.4176719220553475
22x20,16.684115870400984,30.42364796005706,-1.4943747819860393,-4.4945412446197555,-13.587658450849316,-18.101607574674674,4.2001155579614755,5.8436379508280645,-0.23418914138416663,-2.9929224201735183,1.0701522890939337,0.13521064740298935,20.181780575797237,-13.170072907721583
22x21,-13.53990379308472,12.730824626790334,-0.08413250351265195,-0.31216257275981263,-4.229784502096328,-4.841342731140682,-1.8373818995190445,1.85106851716745,-1.8212980622061283,-0.32796017397482635,0.9609061205443405,1.1634789989464567,0.5915936184962446,-2.4566004896715636
22x22,8.94290912219433,39.70009737224448,9.936934686951663,-2.9864366380894123,-9.990481430113444,-17.911771666531845,-11.51785289302222,17.28821987181916,2.2048374126531636,-7.351703154631532,4.093035973272522,-2.031239715929298,4.430660478548095,-3.7212011521602784
22x23,2.6278157404085642,38.05532265725195,8.809930898167838,-1.893726198033682,-6.912690539460311,-15.97392385360931,-7.777103923431171,11.962421481638904,3.46387930336568,-3.0804825025833367,-1.1067483041485127,-0.7436915432266566,7.804492725068405,-8.343725258160017
22x24,-33.05518232695323,1.0277410065386534,0.17366858371747795,1.8304754472485765,0.11685178858264698,0.08342840990642302,-0.6548780819738893,0.04832438865057844,-0.38163616088934965,1.5777213364652323,1.1875364708488436,-0.04019437027668859,-0.021460598379571007,0.8554160023228183
22x25,-18.63589514350256,12.376015618011863,0.6984228978966646,-0.9056480556013199,-1.3581058857594126,-3.676117627132865,-0.8828913038513678,2.3431920516047593,-1.2774948951771126,-1.2109539608465258,1.5850883992171183,-1.8998787261018757,1.214528847418417,-3.270030289993112
22x26,-13.785815516687947,22.11765016376941,5.2270102389031186,-3.472901241939157,-2.620813284864183,-9.578005163606036,-6.774862387047139,7.755536475469425,1.1134355770052498,-1.2035184409086988,0.09872050285609558,-1.7028121215426346,0.660985346255266,0.9066114922043661
22x27,-31.858282903492082,5.7492754658452965,3.283542951240119,1.288999396679847,-0.751293274049494,-0.6207199713509179,-2.916215749480789,2.1698594667602285,0.4041921440326751,-0.3735231840589407,0.9928955303076883,0.04291250650289634,-0.23883491937956047,0.8261271323107392
23x7,7.002348449013738,-7.215958127414126,-1.6722431158879845,2.307657278897056,4.527945153289497,1.1698727281225303,5.02757322323534,-1.654335755360596,4.065790977570096,0.40893323911617224,2.076080308677605,-0.09223513015729677,3.9488377651644844,2.6614259866722745
23x8,5.575273385678236,-12.299244553872146,5.825629996941206,-0.011517406734703278,0.35162678575857,-0.10265540796902148,-0.8037768953584821,0.3866704310517029,-1.443015016435785,-4.902424026793177,0.7318002096694471,-1.7559276790004548,-1.5393456729742918,-2.0691989195023663
23x9,-10.48327405311405,-12.752147341529938,3.1572722824056085,0.16235414526741546,0.21630330151049423,0.8123781108254767,-0.7387994575427571,2.1327770519803466,0.26541664642703483,-2.2517028994902075,-0.9650244815096465,-1.5446499131250475,-1.2371807560560055,1.6613904948176366
23x10,-0.5243602031500705,-13.287627075608679,3.411363030242011,1.5746037010339744,0.8743399367253624,1.9468177652706977,1.148990972793117,-0.6625632227919619,0.7451559960390138,-1.3426538225524285,-0.0756541431609036,-2.323984180619692,1.6439724905100115,0.8739923980263924
23x11,14.889306462381708,-16.822153297461963,4.797637520497251,0.07088537438380445,0.7170545879495228,-0.7730281705645371,-0.6064852388313311,2.4048745809857577,-0.22508633160756203,-3.8135689523924055,-0.20323765491078433,-3.065787396504039,0.6307191982473221,1.5047630455310916
23x12,3.8387355348370398,-3.513281869544629,-2.096500012010675,2.0231617066243626,1.8462107460258133,2.7577210244425117,4.425224114313115,-3.1382727768856733,-1.0551329214523868,1.1010639238317732,-3.062718853780069,4.365633673905951,0.313123125654079,-1.552932606915253
23x13,-17.894798131979336,3.9078102205390404,-1.3004277047861637,-0.8040987564237192,-0.09485762855100102,0.5077389239688411,-0.21422429733660123,-0.6437679847605292,-1.0645533224408446,1.390182266744468,1.2583599957337628,1.340847085700346,-0.03749854539825791,0.4722811809878602
23x14,-25.74477068822211,-0.6612557757269345,-0.6036584665922582,2.3025577060533093,-1.280180166772913,2.3151323471932375,1.5251393101594792,-2.367886942769795,0.9616831940683617,0.08279785754332085,0.3083583120252249,0.8261970245527799,0.0028256142825255496,0.5103568563534908
23x15,-18.387270419780805,4.3210099665333965,-0.5042556535520734,1.3499192629983072,-0.32418359027460425,0.5093745284716521,1.512788133884839,-0.5017233887801391,-1.3021492101202599,-2.0901840220264263,-0.34870692062568104,-0.18790953427918064,0.12637730097384184,-0.6504952586931523
23x16,-30.632325322532854,-3.392416104181856,-0.19036486885675824,1.7697260787613673,2.4485071565697507,1.9592644364102672,-0.5598872129524257,-1.350242769853799,0.6898108085407104,0.34677119318115757,-0.04380422443410782,-0.16364147589046776,-1.079816894983105,2.301908943941155
23x17,-21.72532930610457,-1.7713470922940144,0.20558830556659638,-0.5028370385858061,-0.019960625736719948,0.9364390308806542,0.7211262195734313,-0.3384074536544478,-1.0617804993117401,1.9161902178666437,0.8309833215647896,0.6899453145100043,-0.4086374750049652,0.9077945562073458
23x18,-8.240659915822802,4.275878901078062,-4.279905402044212,1.886972632631559,-3.711106615865519,1.5778416727519646,0.5733686550113508,-3.1031724470931126,-0.04849034877796127,1.3133720782145561,1.0041705569700785,4.5039998655608935,0.44660208240824745,-2.3981300664390885
23x19,4.054673384560242,23.440226090042472,-2.4899785451933343,-4.407317812421286,-8.496890492189202,-8.603468641557964,2.7319871437175722,2.7989062403780496,-0.7810616764592806,-0.4508007582701529,5.717085986473387,5.012140886495032,5.188178195068751,-2.8889428034423497
23x20,12.825795016407916,38.88186618160612,0.8523109105115776,-8.011759988278397,-12.8439136570089,-17.61131944958852,-8.898196259764967,1.9528519362637795,3.1389386895390143,-3.8998876903768975,4.322661301646739,-3.217632438692863,-7.952215110719022,-13.240811898433213
23x21,26.842495154119216,59.88077110891526,13.610680530184021,-11.687644136325236,-13.382968255971065,-34.172947441903055,-28.1204798025088,27.604200002190236,1.120736732422482,-13.8456766446138,6.871582115441942,-5.312687684844261,-2.423168634670404,-12.48713485945408
23x22,-7.783910493537972,25.636718235742215,8.195816829191358,-3.0547269364410288,-4.908722972701313,-11.029528369623156,-6.488937270102903,12.202986639239011,0.099332190075258,-4.80736200663862,-0.6678635249251612,-0.3899879639203518,4.8852772782303155,-3.9234364259237324
23x23,-13.042954648087182,20.6964469030335,0.8463442959784533,-3.404430064940404,-5.226105614155259,-7.893207127123973,-5.349304408571631,4.71629874409239,1.2479323081559615,-2.7955889328426577,0.6075975996122335,2.997585450940691,1.5361626966355078,1.0454980972141479
23x24,-27.896512626799232,8.622967987205612,0.5217607039529656,0.3137968597392291,0.4533600802592819,-1.0324112382311927,-1.1104191897008353,1.267169447922743,-0.0876042765930761,-0.5419604208799269,1.5986644641930445,-0.3326936557122594,0.39948851744164954,0.9722483357463177
23x25,-42.76850540210443,-3.570957475928965,-0.03338279523465073,2.033844056564922,1.6392431135321701,2.8796609684738654,0.2544494301024738,-0.23246584946561988,-0.024707823768317212,0.9295229154600715,0.7935345535920488,-1.2098885545041989,-0.8123851552666288,2.3369081710288593
23x26,-42.62493271690895,-4.579207703355817,0.10316082638284203,2.2246107655479643,1.5893161983209387,2.204437186923101,-0.3171096063596877,-0.12373494701208991,0.3332965951588227,1.3709334270492979,0.449591594133253,-0.37457627218013856,-0.475459450698779,2.5124725965689927
24x8,-14.786804604777315,-6.987122105270805,-1.2470290514898787,3.2063467428749077,1.9439306888905126,3.940467528787652,1.4364910448395394,-2.055276758889973,0.6658938866528722,1.0996374373423836,1.7063325833165883,0.4964727167120519,0.5430500695225832,1.1935197630285839
24x9,-13.071726266610883,-9.511435140221614,0.5434468404219293,2.304916248847616,1.79379050802196,3.8479839971600125,2.899528097740553,-0.006340102574249798,0.18960304401765224,0.5427293526676844,1.3864335625977222,-0.953695391832479,-1.7078979920993662,2.028170501601721
24x10,-15.687889598901704,-11.055740631723358,-0.265737499172484,2.5762739060395035,2.1269015899770056,1.8830971271153916,1.0177829823122744,-1.4099019914970061,-0.41457608342803065,1.9692722047801101,-0.36769673356992205,-1.3328647052745313,-0.9187832685020886,2.0111153506405572
24x11,-13.001458227612153,-11.409925133366826,2.3189108537895278,-0.11693573772022992,1.2536281369978062,2.728599220318737,0.4027800615649738,0.9923184051329895,-0.3567632086991379,-1.8056270629943245,-1.730888480200558,-2.05530901427175,0.26133038859276625,1.2904816071272918
24x12,31.892027312159865,18.884435193591358,-11.193076837930397,4.689276986680096,-1.9819036630841176,-0.4844245917654607,6.679931411593254,-10.820230353090949,4.631526193784649,0.11307781325643712,-0.7594330642709702,14.139234615742883,-1.5052869581965815,3.6338663433402836
24x13,-18.752472759045794,-0.19285733300448063,-1.739391526578283,0.3473280775779544,0.17138590132045015,2.566772669993453,0.4528860513485457,0.0509408795955056,0.3372430731129672,0.2800856512040339,0.8930222038692559,1.3018873193834193,-0.38671368359995983,0.40068874959556056
24x14,-31.407698051610186,-1.437300840838509,-0.9889258356666403,1.8011122309428929,1.2702110233971524,1.1885122754151074,1.0715737919804962,-2.4566611878744338,-0.9208199762298298,1.2120258932432668,-0.21118910276869318,0.3920004644251008,-1.3362644577054381,2.4797799690352558
24x15,-25.79347638979433,-1.0058964419830971,-1.33656234807758,0.828703449518866,0.06254329557925917,1.9191832653064007,2.001151276562548,-0.6215089955258992,-1.5484618793581506,0.3929867439304237,-0.027759733927098008,-0.8764571676302934,-0.9259936035874524,0.47149759219517784
24x16,-25.610247963122326,-1.4680970308242227,-0.26003742096432,0.18736705341605114,0.825798994866845,1.6882799391873617,0.29906851438138365,-0.41018681421974357,0.6505397835383835,1.3321360047423483,-0.20250525810073122,0.10034339002134303,-0.26270503109767573,-1.1281377826798833
24x17,-34.18464492586461,-3.753213688754374,-0.30342889452938776,0.9524827928535003,0.6340486091141924,2.309000509618434,0.7002783207119809,-0.37518899563496394,-0.5818004129950394,1.630043375266289,0.7281309037689839,0.10893012857769116,-0.3971317460414407,1.5385313832037961
24x18,-25.536624486968865,-0.0848833438827889,-1.5252223270835463,-0.14112202355554193,-0.053125660518340986,1.816158100788159,0.5400314336877515,-1.327883563786024,0.452367561387358,0.6328331455946873,0.6347727745184178,0.21369273736909952,0.15528798766724908,0.5231664100465865
24x19,-39.69132873504809,-5.0610726772850985,0.015346749527141334,2.5084998782826924,1.240975500696132,2.741785479951754,0.31837513597059375,0.020837108402425305,-0.3849206637929677,1.20749251161772,1.0176835540023657,-0.6887746324307115,-1.3526286271177201,1.7326346853873438
24x20,-11.597154892224124,13.741889175163687,-1.8665599588168877,-1.2425762619093508,-5.051616838564981,-4.520340039163602,1.1635959125631912,-0.16097407327744134,1.059943640159869,2.4269187836936785,0.8154247142450834,0.850824156143714,5.271039469136191,-1.7203972108447592
24x21,-0.9770099971983457,34.675048894864325,9.850923519536448,-2.995272422253688,-6.5954943642565045,-16.264471376277758,-14.55737297384397,13.594313167259985,3.5959246492693007,-1.6750477108856823,0.5082287603151904,-3.372690152474426,2.9243747695997735,-0.09288289265754181
24x22,-9.725824618592211,24.728080407731497,4.7242472124972315,-3.696966873000903,-5.431568995791614,-9.520452098327382,-7.945656955745256,8.211081055305264,0.9066079563759581,-4.025360534628261,0.24651470827119457,-0.623997917287912,1.2048444555162618,-1.983377214946697
24x23,-22.11986516539865,12.991043376999011,-0.005487694749452932,0.3373837200413971,-1.4113170079705804,-3.3844263252473796,-1.968836939630759,3.339482157908903,-1.277423275527167,-1.7868430932765813,0.6177666595556336,-1.2808435560022584,2.158109167810402,0.7246177097087318
24x24,-31.938354578461972,4.719850599577273,1.0929511320651855,0.8730355654606383,-0.2802495064260903,0.22417455927772173,-0.12647312237583738,1.3641155052245961,-0.8936652847764208,-0.7678672047180578,0.7532519644281532,-0.6443658922556544,-0.01291408320790042,1.5242768346990252
24x25,-30.263938312203205,6.011224212842239,0.04407413011688439,0.8609955025707854,-0.3299421893234407,-0.36944322749260883,-0.4410585550781249,3.2151354808369006,0.020693705847308244,-0.873832497880186,0.6478161395574401,-0.3468906768838466,0.4954870772855909,0.4303774018464152
25x9,-42.55688821988467,-4.002640834751222,-0.3804769990073218,1.9829498916421742,3.0811960968805145,2.532237023864973,0.459186853235417,-0.5231878520969618,0.1360583495775352,1.3852487977537147,0.6732341222400262,-0.4543263318733197,-0.8334306694216418,1.914561841922898
25x10,-43.20325128175393,-5.786112970689784,0.013416541746884551,2.225620203965489,2.6277511927414654,2.6303528580282376,0.6206591571020812,-0.6420827657109515,-0.4995169959387862,1.491892681170982,0.42685118022956525,-0.697356205160724,-0.2947144144368716,2.028248056293944
25x11,-37.378482239967106,-6.0151570374882555,-0.5097720674763029,2.421108438485604,2.0410954904419985,2.7094712423995926,0.9334696336878101,-1.0932635556977712,-0.14519965760761536,1.7452783032947434,0.649475502051478,0.8227872553444829,-0.7289217944665262,1.992998753076326
25x12,-34.648768044870714,-4.366705267801698,-1.1229077942213592,0.8165334871102464,2.634288603250746,1.8861931167162824,0.31446011470195184,-0.4593247020736727,-0.6557625859176547,0.5495836949227216,0.05958610878223341,-0.43351205472072607,-1.233429020479371,2.2513110975448183
25x13,-25.005016975822763,2.2273957439512615,-0.5820314092498259,2.086464780099673,-1.0482647966546277,0.7826164014436391,0.5779979666045939,0.30041510483373896,0.7995945088264601,2.644425013087057,0.8965107350856971,0.5769156882310477,-1.2270741612752651,-0.23136117378762272
25x14,-36.365746190749135,-3.0669157892789225,0.11765765194383714,1.9803025348242111,0.6382649745343804,1.8609051985385932,1.4309847306391439,-0.1473605010647811,-0.23551017557793644,1.0838726177189228,1.352266350406008,0.09516222345064754,-0.6494835904563272,0.5692689288436158
25x15,-25.895367378034884,-1.4689072869953423,-0.6512986515627335,0.917849514872813,0.3448150575381915,1.9315076043558892,2.546851268753018,-0.8780138138302636,0.6928408415128059,2.3160996748542217,0.5554753124881544,1.2216187477254195,-1.0513198593179789,-0.2692876122485112
25x16,-39.64641121181543,-5.425058725691301,0.005489193850552684,1.9971607800342657,2.7216441018050657,2.2271806554583535,0.42203752769245617,-0.44563854563000105,-0.0779445311955566,1.796683900453492,0.9319681940016447,-1.2709058978690597,-1.130999654816776,2.1452315385387912
25x17,-39.69700849667852,-5.206359238560636,-0.5781380860946359,2.0148707405523036,1.7392670366322753,2.4523180916283356,0.6537586951100295,-1.574715291787398,-0.30792680727664784,1.8744612737385944,0.46144763621745494,-0.8575608574285117,-0.39738886924340877,2.0057012070767293
25x18,-26.475361866981913,-1.1998216703252622,-1.2766506883903945,0.9812575495367337,0.4503016853413216,0.32308384796556505,1.39116209272774,-0.7891927866170464,-0.84270236188356,3.375772360828349,0.6859679475963653,-0.18712408732931812,1.6731375591182343,-0.014137253602754803
25x19,-39.25049259944496,-5.5736281204081575,-0.11408332476397463,2.4932474223523413,2.5085961736340265,2.7622975191776007,0.5596150627795498,-0.38069814574349387,-0.0669394621117401,1.3057653078985214,0.8987701687148205,-0.8888427064554001,-0.5000263000509769,2.2022666391377013
25x20,-15.440978755714106,13.698186820325324,-2.085402228949148,0.8525854131509869,-2.7054137154894993,-1.622848957180616,2.556307679139597,-0.30068803564505003,-0.09622479867257827,0.18098406276149617,1.9873305819709726,-0.953643293661777,2.53639937912617,-2.102628117432585
25x21,15.122877182107123,51.16856249792033,11.627702151831166,-7.6213332957492685,-6.380232523363681,-26.758836813949973,-17.27778371680773,23.703041786961297,7.216707041304578,-10.817966523669382,5.426496929434237,-3.391960408045392,4.679427105801421,-10.444085730272992
25x22,-0.8063827381189692,32.47408631550161,-0.21977408428990433,-4.523399003750053,-6.450865351469726,-11.615298909221375,-4.648552756897876,12.098063097310794,-0.2769916935698898,-6.227547647033746,2.104521455156051,-0.9417759177321621,5.483445346522075,-3.367860743339325
25x23,-16.047676386023753,16.64403747375619,0.6497593394440205,-1.4054470678845001,-3.158702998568572,-4.834773418202943,-2.42567270237635,5.515103494817491,0.8130814200392339,-2.1841453446489982,1.9584662941977866,-0.8571354720193458,3.0344737551718657,0.9508420896738623
25x24,-14.059198469508667,24.61711890058691,3.9066797620996323,0.21233058308546382,-3.853445882506166,-8.404444754808205,-5.713281743277484,7.709968181903577,1.7617240607862876,-3.656714240773254,4.067169247001635,-2.5483735949401964,-1.0559193713758388,-2.503761870019894
26x11,-41.97115708067982,-5.919129607464257,0.18318727916752445,2.328916209265497,2.322314195675361,2.364549219802274,0.415662024471788,-0.6675933936966432,0.17635489725223227,0.954796726830709,0.2622673015382979,-0.42785246272781313,-0.4304318189235884,1.793672804788383
26x12,-16.777771513105023,2.9830786455284324,-2.9703862897112536,0.03204994986894834,-0.3843249980777915,-1.7466041903395186,1.079761515844663,-1.8867581052182154,-1.1134261705723294,2.248134439970965,2.084852121174764,4.535347781295061,3.4703552472709127,-3.7496515081490824
26x13,-32.65546970650125,-1.746765532950601,0.1298422416544137,2.3858620617064967,0.8953740203972473,1.0602531181156682,0.37653915499501417,-0.3299175258982531,0.23199258571361386,0.8366201820078506,0.5192218641705292,0.11968140968936553,-1.5396639751097683,0.7655689549922302
26x14,-38.57513892465577,-4.731223508101922,0.206749801143933,1.867546192014637,1.0714171710903937,2.3359096028738193,0.2510074610329903,-0.9504133646898397,0.44426908172279916,0.5667355276924133,0.4807465145996264,-0.849754618256662,-0.7082882486013707,2.518497496269646
26x15,-24.21872298202362,-1.10540246078948,-0.9939592298998285,0.5481831473919259,-0.7556433073278429,-0.4169509312313584,2.559500507284312,-0.9337932909021597,0.28073830417488144,1.3980267707509464,0.5242888519809286,0.9703735063761936,1.969220375415493,-0.9084705324153943
26x16,-32.79789162458198,-3.4296534704179655,-0.4731116187432915,1.0235727977907065,0.34708376917349476,1.5988712219483836,1.1257847458722179,-1.6222868139544395,0.2958012707076153,0.44031775219011254,1.3961697411440042,0.07863537230982247,-0.9933088078760413,1.7334311499119255
26x17,-32.56696247620733,-3.723699799637509,-1.1097595476536355,1.99700462814363,0.9884981184755216,2.01253748901559,0.3231567524536623,-1.685236540139916,0.8598553581240953,2.4045892916212344,0.7176238550450368,-0.9604458282973342,0.29504051822040694,1.5411571833642899
26x18,-26.181910408655142,-0.30165364117364524,-2.8659826090582947,1.7394979604050365,-0.7734413101789074,1.2470055092249925,2.1518722730877804,-1.2272454195020865,-1.6809210405230532,1.8627566677217906,2.3342325735559992,1.4917970083787513,2.305990160069181,-1.4295095731822465
26x19,-39.19620945546737,-4.928316408831033,0.2001722078236539,2.3204591835176243,1.0981145431869628,2.6008534155129697,0.4730223960436589,-1.164557753811199,0.899557038302347,1.2931515790853974,0.4037874186209157,-0.35840960094353125,-1.0400338847943873,1.3152798534161354
26x20,-24.61166293205134,2.828295344268446,-0.6178370071099919,-0.42346671597921975,-0.6111522238059799,-1.4642576699700145,1.8167129667753945,-1.7126484385796035,0.08805090303122325,0.9305923070325226,2.2200199557876323,0.5069019951577871,1.0327390216559387,0.8231483910172694
26x21,5.67304763874979,40.091712351303165,5.573966094142052,-5.888452881226897,-6.425887758146107,-16.47293585834192,-11.032441571844897,13.490830529407202,1.70342368588089,-6.353355270940772,7.855560903208962,-2.385300910064532,4.7620067724689905,-7.103562148691039
26x22,-9.495629563623845,23.933831756721876,4.303440250656932,-3.3320852700400643,-4.703853384701427,-8.58198518579595,-4.161746521250206,7.789558656255884,-0.027404119973440447,-2.1466900467694963,-1.23948935330415,0.5325462118830687,2.408497565091557,-3.0314202725942434
26x23,-41.59610957009605,-2.9341447253464463,0.1946856066235183,1.626119731271662,1.2694141339227707,2.105525549287653,0.5000379185221638,-0.05178772458941542,0.2533577610986211,0.926339445589868,0.8681214406053828,-0.0643915657653517,-0.3463700048188172,1.830628533648482
27x14,-40.667648922510956,-4.98638975047344,0.18237680576590326,2.681058253625718,1.9507527143256773,2.335241321395367,0.33570565709326405,-1.0141466158344128,-0.09481485268388241,1.2656960874169103,0.6594496927787287,-0.37643486597574743,-0.1719576462105603,1.4095392142501184
27x15,-32.819416861992075,-4.884838601803004,-0.6202514630625391,0.8791348063767082,2.036548081864815,1.8011133286556427,1.513586074424518,-1.1426260963152728,-0.32460491878854886,1.2064005016181107,0.047220225585606755,-0.6155100879268701,-0.49661927789514115,1.228932645425291
27x17,-37.48350188027883,-4.525069417274105,-0.7334882965992916,1.4384007969209374,1.667715477245999,1.853541621185459,0.11591402025437514,-0.8705722307174032,-0.2778896928375444,1.035409809068787,0.5085150707367213,0.1267276150582048,-0.7805750986161804,2.264515378080228
27x18,-36.04244470271519,-4.928712136372805,-0.20507541552510963,1.5582243589966276,1.2989295545156623,2.7197330809591977,-0.011302535861101014,-0.03142551316547303,-0.1851042014586054,0.552514515472715,-0.1902269379086964,-0.8265828976749626,-0.9369967530312192,1.7026586286414898
27x19,-34.513027018203196,-5.6655713264667416,-0.847467830320611,1.7821207970456712,1.4247787923571489,1.994300404274723,0.5458507344527238,-0.49834497603102523,-0.3484437451397524,0.4760085304757837,0.11822554731853054,-0.9698593058916619,0.10665554928596882,3.3333152540649498
27x20,-24.81009617656905,2.207859541060417,-0.9927801057226315,1.8865118587938687,-0.45690523055084986,-0.18970033241471407,0.009400165244479505,-0.848282723924137,-1.5001322300782656,0.971239543804087,0.8464226699926394,-0.47854743322032856,-0.12983284935860342,1.027996316116421
27x21,-17.467127057216885,17.588730110973714,2.6928813608308344,-0.5870554309968573,-3.5007600641133125,-4.98552869457159,-2.607470138471932,6.992968887380387,0.21311639544442215,0.10144239523327933,2.134504772274654,2.6633465664864904,1.9226119215939173,-1.3283896431936881
27x22,-22.003460199631423,14.03936836818058,2.6221769017887606,0.4606205581728073,-2.3996850622307915,-2.2433706664717574,-1.5575124849276034,3.70225954706879,1.0495623224040584,-0.6531951366792611,-0.834217546107152,0.5436029126325421,1.8396696469953544,1.4717423106344498
